No.,ISBN-13,タイトル,著者,出版社,カテゴリ
1,9784405092778,北欧のおいしいスープ,"フルタ,ヨウコ",新星出版社,北欧の暮らし
2,9784265860449,北欧に学ぶ小さなフェミニストの本,"Buregren,Sassa 枇谷,玲子",岩崎書店,北欧の暮らし
3,9784344010970,かもめ食堂,"群,ようこ,1954-",幻冬舎,北欧の暮らし
4,9784480837059,島暮らしの記録,トーベ・ヤンソン／著 冨原眞弓／翻訳,筑摩書房,北欧の暮らし
5,9784074022014,北欧のおもてなし,"森,百合子,コピーライター",主婦の友社,北欧の暮らし
6,9784416809747,手づくりする木のカトラリー,西川栄明,誠文堂新光社,家具・木工
7,9784416312155,手づくりする木の器,"西川,栄明,1955-",誠文堂新光社,家具・木工
8,9784794965967,椅子と日本人のからだ,矢田部英正,晶文社,家具・木工
9,9784416617427,木工手道具の基礎と実践,大工道具研究会,誠文堂新光社,家具・木工
10,9784651203997,グリーンウッドワーク,"久津輪,雅,1967-",ワン・パブリッシング,家具・木工
11,9784000241045,道具と手仕事,"村松,貞次郎,1924-1997",岩波書店,家具・木工
12,9784422720258,木のものづくり探訪,"西川,栄明,1955-",創元社,家具・木工
13,9784864805261,椅子の神様,中嶋卓哉,LIXIL出版,家具・木工
14,9784093663311,木に学べ,"西岡,常一,1908-1995",小学館,家具・木工
15,9784766138849,日本の椅子,島崎信 笠原嘉人,グラフィック社,家具・木工
16,9784652201145,木と日本人,"柚木,陽子,1950- 長谷川,哲雄,1954-",理論社,家具・木工
17,9784422440064,樹木と木材の図鑑,"西川,栄明,1955- 小泉,章夫,1955-",創元社,家具・木工
18,9784104350056,意中の建築,"中村,好文,1948-",新潮社,建築・住まい
19,9784104350032,住宅読本,"中村,好文,1948-",新潮社,建築・住まい
20,9784000246095,普請の顛末,"柏木,博,1946- 中村,好文,1948-",岩波書店,建築・住まい
21,9784887062115,カーサ・バラガン,"Barragán,Luis,1902-1988 斎藤,裕,1947-建築家",TOTO出版,建築・住まい
22,9784874606964,光の教会,"平松,剛,1969- 石堂,威",建築資料研究社,建築・住まい
23,9784788513488,居場所としての住まい,小林秀樹／著,新曜社,建築・住まい
24,9784767816920,伊礼智の小さな家70のレシピ,伊礼智,エクスナレッジ,建築・住まい
25,9784767823805,小さな家の暮らし,"柳本,あかね",エクスナレッジ,建築・住まい
26,9784767818993,暮らしの空間デザイン手帖,,エクスナレッジ,建築・住まい
27,9784540063510,火のある暮らしのはじめ方,,農山漁村文化協会,建築・住まい
28,9784001105537,ちいさいおうち,バートン,岩波書店,建築・住まい
29,9784535410190,日本の住居,日本住宅会議,日本評論社,建築・住まい
30,9784811307039,薪ストーブのある家づくり,,沐日社,建築・住まい
31,9784761526443,図解住まいの寸法,"堀野,和人,1965- 黑田,吏香,1971-",学芸出版社,建築・住まい
32,9784822200534,エコハウスのウソ,"前,真之,1975-",日経BPマーケティング,建築・住まい
33,9784766129540,一汁一菜でよいという提案,"土井,善晴,1957-",グラフィック社,暮らし・道具
34,9784144072673,くらしのための料理学,"土井,善晴,1957-",NHK出版,暮らし・道具
35,9784909394453,料理と利他,土井善晴／著 中島岳志／著,ミシマ社,暮らし・道具
36,9784910215075,道具と料理,"相場,正一郎,1975-",サンクチュアリ・パブリッシング,暮らし・道具
37,9784103107149,白洲正子のきもの,白洲正子,新潮社,暮らし・道具
38,9784087450972,日々の100,"松浦,弥太郎,1965-",集英社,暮らし・道具
39,9784838728435,しごとのきほん くらしのきほん100,"松浦,弥太郎,1965-",マガジンハウス,暮らし・道具
40,9784062998734,うつわを巡る旅,"赤木,明登,1962- 赤木,智子",講談社,暮らし・道具
41,9784142287727,人と暮らしと、台所,暮しの手帖編集部,NHK出版,暮らし・道具
42,9784584132517,いつもの毎日。衣食住と仕事,松浦弥太郎,ベストセラーズ,暮らし・道具
43,9784103107095,白洲正子自伝,"白洲,正子,1910-1998",新潮社,暮らし・道具
44,9784480878939,有元葉子の台所術,有元葉子／著,筑摩書房,暮らし・道具
45,9784309279374,手仕事のはなし,"阿部,直美,1970- 阿部,了",河出書房新社,手仕事・工芸
46,9784909394460,つくるをひらく,光嶋裕介／著,ミシマ社,手仕事・工芸
47,9784072339398,かごのある暮らし,,主婦の友社,手仕事・工芸
48,9784140801598,日本の藍,"田村, 善昭, 1935-",日本放送出版協会,手仕事・工芸
49,9784763006196,芹沢銈介作品集,"芹沢, 銈介",求龍堂,手仕事・工芸
50,9784309009087,白磁の人,江宮隆之,河出書房新社,手仕事・工芸
51,9784003356715,うるしの話,"松田,権六,1896-1986",岩波書店,手仕事・工芸
52,9784907102401,民藝の100年,東京国立近代美術館,東京国立近代美術館,手仕事・工芸
53,9784794971616,薪を焚く,ラーシュ・ミッティング／著 朝田千惠／翻訳,晶文社,自然・森
54,9784794207043,庭仕事の愉しみ,ヘルマン・ヘッセ,草思社,自然・森
55,9784789017633,里山資本主義,"藻谷,浩介 JapanTimesSatoyama推進コンソーシアム",ジャパンタイムズ出版,自然・森
56,9784480432063,半農半Xという生き方,塩見直紀／著,筑摩書房,自然・森
57,9784048969536,植物と暮らす12カ月,,KADOKAWA,自然・森
58,9784841607819,森の生活,ソロー,佑学社,自然・森
59,9784120039379,白,原研哉,中央公論新社,デザイン
60,9784004313335,日本のデザイン,"原,研哉,1958-",岩波書店,デザイン
61,9784103025733,名前のない道,"赤木,明登,1962-",新潮社,デザイン
62,9784788503625,誰のためのデザイン?,"Norman,DonaldA,1935- 野島,久雄,1956-2011",新曜社,デザイン
63,9784778311797,考えなしの行動?,"Suri,JaneFulton 森,博嗣,1957- IDEO",太田出版,デザイン
64,9784867538289,北欧のおやつとごはん,"三田, 陽子, pub. 2015",日本電子書籍技術普及協会,北欧の暮らし
65,9784140841495,建築に夢をみた,安藤忠雄,日本放送出版協会,建築・住まい
66,9784434129681,住まいの文化誌,ミサワホーム総合研究所,星雲社,建築・住まい
67,9784794222244,小さな家のつくり方,"大塚,泰子,1971-",草思社,建築・住まい
68,9784777916733,うつわの旅,,[エイ]出版社,暮らし・道具
69,9784887470842,すてきなひとりぼっち,"谷川,俊太郎,1931-2024",童話屋,暮らし・道具
70,9784863852198,たべるのがおそい,西崎憲／編集,書肆侃侃房,暮らし・道具
71,9784479785996,人生フルーツ,"大平,一枝,1964-",大和書房,暮らし・道具
72,9784766123449,民藝の教科書,"久野,恵一,1947-2015 萩原,健太郎",グラフィック社,手仕事・工芸
73,9784904787021,ガラスの器,"矢部, 千寿子",弘報印刷自費出版センター,手仕事・工芸
74,9784046524645,和の暮らし,"円谷, 勝男, 1938-",角川書店,暮らし・道具
75,9784879405494,日本の色辞典,"吉岡,幸雄,1946-2019 槙野,修,1948-",紫紅社,手仕事・工芸
76,9784103001911,木の匙,"三谷,竜二,1952-",新潮社,手仕事・工芸
77,9784635500401,焚き火の本,"猪野,正哉",山と溪谷社,自然・森
78,9784062067225,森と暮らす,"柳生,博,1937-2022",講談社,自然・森
79,9784860676582,小屋入門,,地球丸,建築・住まい
80,9784635171939,山小屋の灯,"小林, 百合子, 1980-",山と溪谷社,自然・森
81,9784903348285,倉俣史朗の仕事,"関, 康子",ADP,家具・木工
82,9784568503456,天童木工,"菅澤, 光政",美術出版社,家具・木工
83,9784480878496,住み開き,アサダワタル,筑摩書房,建築・住まい
84,9784756253491,小さな家 大きな暮らし,"酒井,章文 ゲシュタルテン",パイインターナショナル,建築・住まい
85,9784415071299,珈琲の楽しみ方,"田口, 護, 1938-",成美堂出版,暮らし・道具
86,9784391153316,家庭料理のきほん,"藤井,恵,1966-",主婦と生活社,暮らし・道具
87,9784062163330,皿と紙ひこうき,"石井,睦美,1957-",講談社,手仕事・工芸
88,9784902744736,コーヒーの絵本,"庄野,雄治",サンクチュアリ・パブリッシング ,暮らし・道具
89,9784902744859,紅茶の絵本,"大西,進,1976-",サンクチュアリ・パブリッシング ,暮らし・道具
90,9784540040788,椅子づくり百年,"宮本,茂紀,1937-",農山漁村文化協会,家具・木工
91,9784651201672,木工旋盤の教科書,"和田,賢治,1981-",ワン・パブリッシング (発売),家具・木工
92,9784434147999,日本の木の家,地球の会,鶴書院,建築・住まい
93,9784761526245,窓がわかる本,"中山,繁信,1943- 長沖,充 杉本,龍彦",学芸出版社,建築・住まい
94,9784990077914,住まいの人類学,"塩谷,寿翁,1942-",圓津喜屋,建築・住まい
95,9784306094222,民家は生きてきた,"伊藤,ていじ,1922-2010",鹿島出版会,建築・住まい
96,9784800307613,日本の町並み,伝統的町並み研究会,洋泉社,建築・住まい
97,9784101141152,土を喰う日々,"水上,勉,1919-2004",新潮社,暮らし・道具
98,9784579212910,あなたのために,"辰巳,芳子,1924-",文化学園文化出版局,暮らし・道具
99,9784582633542,染と織のある暮らし,太陽編集部,平凡社,手仕事・工芸
100,9784568505221,D&DEPARTMENT PROJECT,"ナガオカ,ケンメイ,1965-",美術出版社,デザイン
