ISBN-10,ISBN-13,タイトル,著者,出版社,出版日,書齢,定価,価格（新品）,在庫数（新品）,価格（非常によい）,在庫数（非常によい）,価格（良い）,在庫数（良い）,価格（キズや使用感あり）,在庫数（キズや使用感あり）,内容,ジャンル,言語,本の長さ,版型
"4777027538","9784777027538","北欧雑貨図鑑 スウェーデン100 (NEKO MOOK)","","ネコ・パブリッシング","2024-01-31","2年","1760","","","","","","","","","日常のあらゆるところに溶け込み、暮らしを快適にしてくれるデザイン。近年では SDGs先進国としてサステナブルなデザインが注目されているスウェーデン。本誌では名作を生み出したスウェーデン生まれのデザイナーから、100年以上の歴史をもつ老舗ブランド、気鋭の若手デザイナーを起用した新規参入のブランドまで、日本でも人気の高い選りすぐりの100件を編集し、資料性の高い本として届けます。さらに巻末では、国内の北欧雑貨やインテリアショップ情報をまとめて記載します。

◆コンテンツ
北欧雑貨図鑑 スウェーデン100
Chapter 1　スウェーデンを代表する往年のデザイナー
Chapter 2　スウェーデン発・注目のブランド
Chapter 3　現代活躍するスウェーデン出身デザイナー
Chapter 4　スウェーデンで活躍する日本人デザイナー

Column
・Lindberg's Versatile talents
リンドベリの多彩な才能
・みんなのためのデザインとなっていった
スウェーデンデザインの歴史と現在
・スウェーデンのインクルーシブデザイン

Interview
・Front フロント
・Bernadotte &amp; Kylberg ベルナドッテ＆キルバーグ
・Marie-Louise Hellgren マリールイス・ヘルグレン
 
Topics
・スウェーデンで最も著名なトレンドハンター　Stefan Nilsson ステファン・ニルソン

Recipe
・スウェーデンのお菓子４種
・スウェーデンのデザインスポットを巡る
・北欧インテリアShop Guide
・ご協力企業＆ショップ一覧

Special Thanks to Stig Lindberg
カバーデザインは、スティグ・リンドベリがテキスタイルのためにデザインした「HERBARIUM / ハーバリウム」。植物標本を意味する名前の通り、北欧の植物たちが標本のように集まった美しいパターンです。デザイナー、ブランドなど日本でも人気の高い選りすぐりの100件を編集し、資料性の高い本として届けます。","家事","jpn","196","A5"
"4391132249","9784391132243","サンクの本","保里享子 著","主婦と生活社","2006-06","19年","2200","","","694","2","650","2","","","北欧の雑貨を中心としたセレクトショップのサンク。そのオーナーの選ぶ、生活雑貨・道具のカタログ。カゴから陶器、作家ものまで、どれも使い勝手がよく、デザイン性の高いものばかり。写真集としても楽しめる１冊。","家事","jpn","111","A4"
"4309761542","9784309761541","図説北欧の建築遺産 (ふくろうの本)","伊藤大介 著","河出書房新社","2010-12","15年","1980","","","","","","","","","ヴァイキング住居、中世の木造教会、ナショナル・ロマンティシズム建築、北欧モダニズムの建築家、アスプルンド、アールト、ヤコブセン…。都市や建築に宿る魅力的な個性。北欧精神の真髄に迫る書。","建築","jpn","151","A5"
"4573601317","9784573601314","日々、機微。 積み重ねた時間がつむぐ“あなたらしい”暮らし","SEKISUI HOUSE life knit design project 著","ハースト婦人画報社","2023-07-31","2年","1760","","","511","1","476","2","336","1","日々、機微。積み重ねた時間がつむぐ ”あなたらしい” 暮らし

自分らしい暮らしってなんだろう。そんな問いから生まれた、
愛着をつむぐ暮らしの手がかりを集めた
書籍「日々、機微。」
他の誰ともちがう、あなたらしい暮らしのヒントを
この本で探してみませんか。


Chapter1 暮らし方は、人の数だけあっていい。

一歩足を踏み込むと感じるその人の、その家族の暮らしぶり。
ひとつとして、同じものはない。そのどれもが、らしさに満ちている。
人の数だけ、いろいろな暮らしがある。


Chapter2 かたちのない暮らしを、かたちづくるもの。

あたりまえに続いていく日常のなかで、自分の暮らしについて考える機会って、
どのくらいあっただろう。ちょっとだけ立ち止まって、
そんな時間をつくってみる。自分がしたい暮らしのかたちは、
どんなだろう。

・「min? perhonen（ミナ ペルホネン）」デザイナー
皆川 明さんによる「生きるを活かす」コラム収録

・「北欧、暮らしの道具店」店長 佐藤 友子さんインタビュー掲載


Chapter３ 自分らしい暮らしの手がかり -日々の中にある、46のヒント-

どんなことでもいい。何に心が動くか。何がうれしいか。
何にこだわりたいか。自分が大切にしていきたいもの、
心地よいと感じるものを、想像してみる。それが、自分らしい暮らしを
始めるきっかけをくれるはず。日々、機微。     積み重ねた時間がつむぐ?あなたらしい“暮らし","建築","jpn","112","B5"
"4344970209","9784344970205","自然素材でつくる50年後も価値ある家","考建研究所 著","幻冬舎メディアコンサルティング","2013-10-31","12年","1320","","","532","1","","","","","木、漆喰、石…。自然素材でつくる家の魅力や、素材特性を美しいビジュアルとイラストで解説。取材を通して、本物志向のライフスタイルについても紹介する。５０年後も価値のある家づくりのノウハウをまとめた１冊。","建築","jpn","119","B5"
"4274224619","9784274224614","ELEMENTS","石川素樹 著","オーム社","2019-11-18","6年","2420","","","","","","","","","5つの建築の断片を通して、設計する前に考えるべきことを凝縮し問いかける。
5つの建築の断片を通して、建築を設計する前に考えるべき大事なことを凝縮し問いかける、エッセイ仕立ての読み物である。
一般の人にとっては、建築が作られる過程で設計者が何を考えているかを知ることができる本であり、学生や設計者にとっては、建築が時間が経てもなお色褪せずに建ち続けることができる方法を考え続けるための入門書である。


世界三大デザイン賞の一つ「iF DESIGN AWARD 2019」（Architecture部門）にてGOLD AWARD受賞、「A’Design Award &amp; Competition 2019（Architecture部門）」にて最優秀のGOLD受賞など、国内外から注目を集める建築家・石川素樹による、初の著書。5つの建築の断片を通して、建築を設計する前に考えるべき大事なことを凝縮し問いかける、エッセイ。","建築","jpn","160","46"
"4887062524","9784887062528","「光の家具」照明","坂川栄治 著","TOTO出版","2005-07-10","20年","1650","","","759","1","","","519","2","今までの照明を「リ＝ライト」して、もっと上質な居心地の良さを作ろう。人気装丁家が綴る、照明で演出する空間づくり。豊かなくつろぎを手に入れるための明かりの使い方と考え方がいっぱい。","日本文学・評論・随筆・その他","jpn","173","A5"
"4894445778","9784894445772","旅のコラージュ","les deux 著","ピエ・ブックス","2007-02","19年","1848","","","","","","","","","北欧や東欧、ロシア文化の影響を受けているエストニア・ラトヴィア・リトアニア。この国々の魅力を、現地で買いつけたかわいい雑貨とともに紹介。素朴で温かな雑貨と暮らしが詰まった１冊。","芸術総記","jpn","112","A5"
"4887062605","9784887062603","デザインの輪郭","深澤直人 著","TOTO出版","2005-12-01","20年","1980","","","842","2","1084","1","810","2","数々のヒット商品を生んだトップデザイナー・深澤直人の初の書き下ろしエッセイ集。デザイナーとしての自身の歩み、学んだことなど、様々な視点を通して「デザインとは」という根本的な問いに答えようとする意欲作。","写真・工芸","jpn","295","B6"
"4104350036","9784104350032","住宅読本","中村好文 著","新潮社","2004-06-20","21年","4400","","","","","1814","1","","","手ざわり、台所、家具、明かり…。「住宅名人」の建築家が考え抜いた「居心地のいい住まい」のための１２の条件を、約７０点の写真やイラストで解説。住宅を「暮らしの内側から」考えた待望の書。","建築","jpn","128","B5"
"4767825210","9784767825212","図解世界の名作住宅","著:中山 繁信,著:松下 希和,著:伊藤 茉莉子,著:齋藤 玲香","エクスナレッジ","2018-09-29","7年","1980","","","907","1","670","1","","","ライト、コルビュジエ、ミース、イームズ、アアルト、カーン、 丹下健三、前川國男、菊竹清訓、宮脇檀、藤森照信 ... 巨匠たちが残した住宅遺産を、あえて写真を一切使わずイラスト図解!!2014年発売の定番書『世界で一番美しい名作住宅の解剖図鑑』が、大幅改訂&amp;コンパクトサイズ化で生まれ変わります!!","家事","","300","A5"
"4907072465","9784907072469","なぜデンマーク人は初任給でイスを買うのか？","小澤良介 著","きずな出版","2015-11-24","10年","1430","","","216","1","150","1","","","世界幸福度ランキング1位のデンマークではなぜ初任給でイスを買うのか？世界一幸せな国の人々は洋服よりも家具を選ぶ。","日本文学・評論・随筆・その他","jpn","157","B6"
"4395023061","9784395023066","アスプルンド／アールト／ヤコブセン","鈴木敏彦 著,杉原有紀 著","彰国社","2013-05","12年","3080","","","","","","","","","北欧デザインの源流へ…。３人の巨匠からその神髄を学ぶ。アスプルンド、アールト、ヤコブセンが目指したトータルデザインを、北欧の自然・生活を軸に読み解く書。これからの建築デザインの豊かな方向性を指し示す。","建築","jpn","125","B5"
"4582634648","9784582634648","フィン・ユールの世界 (コロナ・ブックス)","織田憲嗣 著","平凡社","2012-02","14年","2200","","","","","","","","","「世界で最も美しい肘掛けを持つ椅子」を生んだデンマーク・デザインの至宝。椅子、家具類から、日用品、インテリアデザインに至るまで余すところなく作品を網羅。すべての家具マニアにおくる待望の決定版。","写真・工芸","jpn","167","B5"
"4761532327","9784761532321","北欧の建築","小泉隆 著","学芸出版社（京都）","2017-05-01","8年","3520","","","","","","","","","北欧を代表する建築家の作品から、日本では知られていない建築家の名作、話題の現代建築まで85事例を収録。光、色、構造、素材、窓、階段、暖炉、緑や水といった多彩なデザイン・エレメントを切り口に、シンプルで美しく機能的なディテールを多数のカラー写真と図面で紹介。建築家紹介、所在地リスト、ブックガイド付き。小泉　隆;0502;01;北欧を代表する建築家の作品から、知られざる名作、話題の現代建築まで、シンプルで美しく機能的な85のディテールをカラーで紹介;20170402北欧を代表する建築家の作品から、知られざる名作、話題の現代建築まで、シンプルで美しく機能的な85のディテールをカラーで紹介Introduction：北欧の建築について

■Light and Color

　ストックホルム市庁舎―青の間のハイサイドライト
　ストックホルム市立図書館―開架閲覧室のロトンダ
　オーフス市庁舎―多目的ホールのスカイライト
　アルヴァ・アールトのクリスタル・スカイライト
　アルヴァ・アールトのリフレクター
　……

■Structure and Material

　ヴィープリの図書館―講義室の天井
　ハウスヴェア教会―礼拝堂の白い天井
　聖マルコ教会―煉瓦のヴォールト天井
　ガンメル・ヘレルプ高等学校体育館―曲面天井と外部床
　シベリウス博物館―展示室の構造体
　……

■Window

　パイミオのサナトリウム―病室の窓まわり
　アスプルンドの夏の家―居間の窓
　聖ペトリ教会―クリップ止めの窓
　ナクスタ教会―窓につけられたフィン
　ヴィープリの図書館―講義室の弓形サッシ
　……

■Moving

　マイレア邸―居間の階段
　SAS ロイヤルホテル―ロビーの螺旋階段
　オーフス市庁舎―アトリウムの螺旋階段
　ロドオウア市庁舎―エントランスホールの階段
　イェーテボリ裁判所増築―メインホールの階段
　……

■Touching and Warming

　アルヴァ・アールトの取っ手
　グンナール・アスプルンドの取っ手
　マイレア邸―自由曲線で削られた暖炉
　アスプルンドの夏の家―階段上の丸みのある暖炉
　ムーラッツアロの実験住宅のスモークサウナ―浴室

■Green and Water

　オーフス大学―メインホールの蔦が覆う壁面
　VMマウンテン―テラスのプラントボックス
　モースゴー先史博物館―芝生の大斜面屋根
　アルヴァ・アールトの緑
　デンマーク国立銀行―緑
　……

Nordic Architects／Examples and Map／Reference／Postscript","建築","jpn","239","A5"
"4767828511","9784767828510","10の住まいの物語","八島正年 著,八島夕子 著","エクスナレッジ","2021-01-22","5年","1980","","","","","1050","1","","","家は、時を重ねて「住まい」になる。
郊外、都市型、終の住処、二拠点居住……
それぞれのカタチに合った、自由な暮らし。
人気建築家が手がけた、 美しくもおおらかな、10の住まいの物語。

住まいには、その人の生き方や価値観がそのまま見えてきます。
この本では、八島建築設計事務所が手がけた
ライフスタイルの異なる10の住まいを訪ね、
豊かな文章と写真でそれぞれの家族の暮らしぶりを紹介します。
暮らしを営む「器」となる「家」を設計した建築家が込めた想いや意図も
手描きの俯瞰図やイラストで分かりやすく解説。
併せて読むことで、より深く住まいの魅力を感じることができます。

家づくりを考えている方はもちろん、家やインテリアが好きな方、
日々の生活をもっと豊かに過ごしたい方へのヒントが詰まった1冊です。

■目次■
森の中の図書館(おおたかの森の家)
住まいは人生の器(神木本町の家)
庭を取り込むリビング(武蔵野の家)
どこに座ってもいい感じ(深沢の家)
伸びやかな終の住処(辻堂の家)
三世代がつながる暮らし(続・辻堂の家)
猫と楽しむもうひとつのリビング(吉祥寺南町の家)
住み継ぐ暮らし(梶原の家)
行き来する暮らしかた(葉山一色の家+野尻湖の小さな家)
丘の上の白い方舟(山手町の家)
コラム","家事","jpn","219","A5"
"4798179086","9784798179087","暮らしの図鑑 フィンランド時間","吉田Obergみのり 著","翔泳社","2024-02-13","2年","1980","","","1491","1","","","","","&lt;p&gt;静かで温かなフィンランドの暮らしと魅力が詰まった1冊&lt;/p&gt;&lt;p&gt;2023年に「世界幸福度ランキング」で6年連続1位に輝いたフィンランド。ムーミンやアラビアの食器など、洗練された北欧デザインの数々。森と湖に囲まれた、おしゃれな暮らしというイメージがあります。&lt;/p&gt;&lt;p&gt;この本では、フィンランドに移住し暮らす著者が、外側から感じる憧れだけではない、フィンランドの実際の生活を「時間」を軸にして紹介します。一年と一日、そして一生。季節と自然に寄り添い、一人ひとりを尊重した、優しく穏やかな日々。でも言うべきことは社会に提言する。そんな暮らしが見えてきます。知っておきたい、フィンランドの社会にまつわる基礎知識や、私たちの暮らしで真似したい、取り入れたいことも掲載しています。&lt;/p&gt;&lt;p&gt;〈季節のフィンランド暮らしの一例〉
春／おいしい野草を見つける、カラフルな装飾と料理で祝うイースター、花粉症といえば白樺
夏／クリスマスと同じくらい大切な夏至祭、ザリガニパーティ、夏休みはサマーコテージで、開放感満載の夏の蚤の市
秋／リンゴンベリー、きのこは秋の味覚の代表格、街がデザイン一色に染まるヘルシンキ・デザイン・ウィーク
冬／「懺悔の火曜日」、アイスフィッシングは冬の人気アクティビティ、独立記念日の夜　　　　などなど&lt;/p&gt;&lt;p&gt;〈一日の時間の一例〉
朝／季節ごとに変わる朝の過ごし方、朝食はコーヒーと共に、家事時間を短縮するための工夫
昼／誘い文句は「コーヒーに行こう」、おふくろの味といえば焼き菓子、落ち込んだり悩んだりしたら森へ
夜／集まるときは「誰かの家」でホームパーティー、サウナ文化はユネスコにも登録　　　　などなど&lt;/p&gt;&lt;p&gt;フィンランドが好きな方はもちろん、
心地よい暮らし方を探している方にもおすすめの1冊です。&lt;/p&gt;&lt;p&gt;〈著者紹介〉
吉田 Öberg みのり（よしだ・おーばり・みのり）
2014年よりフィンランドのヘルシンキ在住。Sake Bar &amp; Izakaya 経営。執筆活動も行う。趣味は森歩き、きのこ、野草、カミーノ巡礼、キャンプ、音楽、映画、詩、発酵。&lt;/p&gt;フィンランド在住の吉田みのりさんが紹介する、北欧の日々。心地よい1年、1日の暮らしの時間を綴ります。","家事","jpn","216","A5変"
"4480874127","9784480874122","建築家は住まいの何を設計しているのか","藤山和久 著","筑摩書房","2022-12-19","3年","1980","","","","","","","","","理想を叶えながら、素人には思いもよらないアイデアを提供することで、暮らしのアベレージをグッとあげる建築家たちを取材した。彼らがつくる快適な住まいとは。理想を叶えながら、思いもよらないアイデアを提供して暮らしのアベレージをあげる建築家たちを取材。彼らがつくる快適な住まいとは。","建築","jpn","240","46"
"4416717415","9784416717417","北欧木の家具と建築の知恵","長谷川清之 著","誠文堂新光社","2018-01-14","8年","2860","","","","","","","","","北欧の木造家具や建築を長年研究してきた著者が今だからこそ伝えたい、北欧現代デザインを生み出した人々の生活の知恵の数々。

北欧の家具や什器、建築のデザインに興味のある人はもちろん、
そのルーツを探ることで見えてきた、日本人にとっても重要な木の文化や、ものづくりの原点について、
著者が現地で撮りだめてきた多くの写真とともに解説した書籍です。

はじめにより～
北欧の木造建築、さらに当時のままの家具や什器などを見ると、
技術的には劣っていても、木を如何に活かすかを考え、木を丸ごと活かす工夫が見られます。
特に椅子を見るとそれを強く感じるとともに、モノの本来の在り方にまで思いを巡らせていることが理解できます。
19世紀になっても、北欧の人々にとって、家は一家の主を中心として家族総出で造るものでした。
什器や椅子、テーブルなども勿論、主を初めとした使い手の手作りでした。
そのため現代でも、家の補修さえ専門家に任せることなく、自ら行う人々が多く見られます。

もちろん私達日本人も、歴史的にも木との関わりが強く、木に対する親しみの深い民俗です。
しかし現代の私達はそれを忘れかけているように思えます。
日本では早くから専門分化が進み、家を建てるのも家具什器を作るのも、もっぱら工人の仕事となっていきました。
それによって専門家の技術は発達しました。
一方で、それらを使う立場の者は木との関わり・木への想いが薄れたとも云えそうです。
現代では、「住まい」は耐久消費財として住宅メーカーの手にわたり、住み手との関りはますます遠のいています。
住み手は、「住まい」を共に「造る」のではなく、「買う」感覚になってしまっています。

近年、各種メディアで古民家や木の家具が取り上げられます。
しかし常に一過性のブームに終わってしまう。
日本の森は、戦後植林された杉、檜が成長しているにも関わらず、手入れがされないため、70％が“死の森”となっていると云われます。この森との関わり方にも、現代の日本人が置き忘れた大切なことが感じられます。

このような北欧の人々の木や自然への想いを知るにつけ、
私たち日本人にも親しみやすく、優れた“北欧デザイン”の根底には、
その想いを基にした“ものづくり”の思想があるのではないか、と考えるようになりました。

民家の調査行を通して得たエピソードを交えつつ、
第二章に示した、無名の人々の手によって作られた、北欧の民家の中の家具・什器等、云わば民芸品の数々を通して、
それらに込めた彼らの強く、深い木（樹）に対する想いを伝えたい。
そして、彼らの想いの表れた“ものたち”から、「北欧デザイン」の根底にあるものを読み取っていただきたいと考えています。北欧の木造家具や木造建築を多数紹介。貴重な写真から北欧現代デザインのルーツが見えてくる。北欧デザイン好きには必見の資料本。第１章　北欧の人々の帰途の強く深い関わり
第２章　住まいと建築物
第３章　家具
第４章　暮らしの道具","写真・工芸","jpn","208","A5"
"4768306403","9784768306406","カウニステのデザイン (玄光社mook)","","玄光社","2015-07-23","10年","1760","","","","","","","","","北欧フィンランド生まれの人気テキスタイルブランド、カウニステを特集したムック。全コレクションを紹介するとともに、ブランドとしての姿勢や哲学、そして若手デザイナーたちの素顔とクリエイティビティに迫る。","写真・工芸","jpn","127","A5"
"4779651174","9784779651175","ONKUL vol．21 (ニューズムック)","","三栄","2024-10-21","1年3ヶ月","990","","","","","454","3","","","特集「ミッドセンチュリーに憧れる。」ミッドセンチュリーってなんだろう。知っているようで知らない、憧れのミッドセンチュリー期の美しいプロダクトを『ONKUL』なりに解釈して、深堀りする巻頭特集。ミッドセンチュリーデザインの日用品とは？アメリカ、北欧、ヨーロッパ、日本生まれのレトロ＆シンプルモダンな名作・名品を特集します。さらに、ミッドセンチュリーとファッションの関係とは？表紙＆巻頭ビジュアル＝安藤サクラ、大特集に連動して古都をロケーションに等身大の街歩きビジュアルでお届けします！・ミッドセンチュリーと日用品・椅子とパンツのいい関係・ニッポンのミッドセンチュリー・インドア ワークスタイル・ミッドセンチュリーと北欧デザイン・映画で学ぶミッドセンチュリー　『冬は重ねてI'M A LAYERING MASTER 』ベストにジレにカーディガン...はたまた足元も。この秋冬はレイヤード映えする強者が多数。素材を重ねて、色を重ねて、重ねれば重ねるほど冬のおしゃれが楽しくなる。　『オンクルな10人』10周年を迎えた『ONKUL』の特別企画。ベーシックをこよなく愛する「オンクルな人」。著名人～街角の洒落たおじさんまで老若男女、真面目にハンサムで素敵な人たちの好評スナップ企画の秋冬版。and more.. ※企画内容は変更になる可能性がございます。","諸芸･娯楽","","135","A4変"
"4845920085","9784845920082","北欧式インテリア・スタイリングの法則","フリーダ・ラムステッド 著,久山葉子 訳,机宏典 訳","フィルムアート社","2020-12-08","5年","2640","","","","","","","","","","建築","jpn","239","B5"
"4766130545","9784766130546","カイ・フランクへの旅","小西亜希子 著,永禮賢 写真","グラフィック社","2017-12-25","8年","3960","","","2398","1","","","","","今日に続くフィンランド・デザインの礎を作り、1950～60年代の黄金期を支えたプロダクトデザイナー、カイ・フランク。
彼がデザインしたシンプルで機能的、丈夫で手頃な価格のテーブルウェアは、イッタラの「ティーマ」や「カルティオ」として、発表から60年以上を経たいまなお世界中で愛されている。
そんなレジェンドの知られざる仕事や人生、素顔を、丁寧な取材と貴重な写真の数々によりひもといてゆくデザイン紀行。","芸術総記","jpn","224","B5変"
"4766138368","9784766138368","建築・住宅デザインの現場","著:高野 保光,著:芦沢 啓治,著:新関 謙一郎,著:手嶋 保,著:藤本 寿徳,著:熊澤 安子,著:杉下均＋出口佳子,著:中山 大介","グラフィック社","2024-07-08","1年7ヶ月","3520","","","","","","","","","上質な住まいや居心地はいかにして生み出されているのか。
その創造の現場に迫る。
住宅設計の名手たちが集結。
新作から幻の未発表作まで。珠玉の設計集。上質な住まいや居心地はいかにして生み出されるか。","建築","jpn","224","B5"
"4767823730","9784767823737","上質に暮らすおもてなし住宅のつくり方","関本竜太 著","エクスナレッジ","2017-09-27","8年","2420","","","","","","","","","&quot;北欧で“自然体に生きる”生活哲学を学んだ人気建築家が贈る、毎日が喜びにあふれる家のつくり方。
設計者の配慮と経験の集結ともいえる「おもてなし住宅」は、住まいの暮らしを豊かに彩り、訪れる人々をあたたかく迎え入れてくれるのだ。住まい⼿に寄り添った住宅設計を数多く⼿がけ建築知識でのディテール連載も好評だったリオタデザイン・関本氏の考える「おもてなし住宅」のつくり方を紹介します。&quot;","建築","","160","A4"
"4766127455","9784766127454","ふだん着のフィンランド","モニカ・ル－ッコネン 文,カタリ－ナ・ヤルビネン 写真,関口リンダ 〔訳・コ－ディネ－ト","グラフィック社","2015-01-25","11年","1815","","","","","","","","","インテリア、テキスタイル、フード、いつも自然とともにある暮らし…。“ふつう”がすてきな暮らしのコツ。森と湖、デザインの国のリアルライフがまるごとわかる１冊。切り取れるポストカード付き。","諸芸･娯楽","jpn","141","A5"
"4418091017","9784418091010","北欧インテリア (別冊家庭画報 Home ideas)","","世界文化社","2009-02","17年","2515","","","","","","","","","美しいデンマークの名作住宅を大判の圧倒的なビジュアルで紹介しながら、その魅力と真髄に迫る。北欧名作家具傑作選、北欧家具の人気ショップ３０軒なども紹介。デザインに関心のある全ての人必読の愛蔵版的１冊。","家事","jpn","129","A4変"
"4416621299","9784416621295","「北欧デザイン」の考え方","渡部千春 著","誠文堂新光社","2022-10-12","3年","2970","","","","","","","1664","1","家具、建築、テキスタイル、工芸、グラフィック……「北欧デザイン」の全体像が理解できる決定版

シンプルで洗練されたデザイン家具や日用品が日本でも長年愛されている北欧デザイン。近年では、環境や社会福祉に配慮した素材選びや生産体制など、北欧のものづくりの思想や価値観そのものが、「北欧デザイン」という現代的なデザイン・ライフスタイルとして広く浸透しつつあります。

一方で、アアルト、ヤコブセン、マリメッコ、アラビアなど、個別のブランドやプロダクトに関する解説本などを目にするものの、デザイナー同士のつながりや、家具、建築、テキスタイル、工芸、グラフィックといった北欧デザインの諸ジャンルを総合的に解説する日本語の書籍はありませんでした。

本書では、そんな北欧デザインの全体像を解説するため、横断的な章立てによりトピックを厳選。わたしたちがよく知る北欧デザインの誕生背景をイラスト付きのポイント解説や豊富な写真とテキストにより読み解いていきます。

■目次
北欧デザインを紐解く前に……
北欧各国のデータ

１章　北欧デザインの目覚め
北欧におけるデザイン意識の萌芽
女性の仕事から始まったテキスタイルデザイン
陶磁器とガラス分野のモダニズム開花

２章　黄金期を迎える北欧
アメリカにおける北欧デザイン
デザイン・イン・スカンジナビア展
職人たちの手による家具
アルネ・ヤコブセンが目指した有機的なフォルム
アルヴァ＆アイノ・アアルトが生み出した息の長いプロダクト
フィンランドデザインの良心 カイ・フランクの思想
ローカルとグローバルを繋ぐ北欧のグラフィック
マリメッコがもたらした革新性とデザイン
北欧の人々が愛する照明の数々
ファンシーではない北欧の玩具デザイン
日本の民芸運動と北欧デザインの繋がり

３章　新しい北欧デザインへ
大量生産品にも現れる北欧らしいデザインとは
テクノロジーとともに進化したプラスチックの可能性
北欧のエルゴノミクスデザイン
2000年以降のライフスタイルデザイン
アウトドアアクティビティの宝庫 北欧で発展したデザイン
北欧らしさを追究したデザイン

【コラム】
1930年ストックホルム博
グスタフスベリ・スタジオとリサ・ラーソン
ビルゲル・カイピアイネンとルート・ブリュック
H55について
オーナメントの普及と北欧デザインの幸福度
スウェーデンガラスとエリック・ホグラン
北欧のデザイン教育

【データ編】
年表
索引
フォトクレジット
おわりに
主要参考文献一覧

****************************イラスト付きのポイント解説で重要なトピックをわかりやすく紹介。世界に愛される「北欧デザイン」の今までとこれからを学べる一冊。北欧デザインを紐解く前に……
北欧各国のデータ

１章　北欧デザインの目覚め
北欧におけるデザイン意識の萌芽
女性の仕事から始まったテキスタイルデザイン
陶磁器とガラス分野のモダニズム開花

２章　黄金期を迎える北欧
アメリカにおける北欧デザイン
デザイン・イン・スカンジナビア展
職人たちの手による家具
アルネ・ヤコブセンが目指した有機的なフォルム
アルヴァ＆アイノ・アアルトが生み出した息の長いプロダクト
フィンランドデザインの良心 カイ・フランクの思想
ローカルとグローバルを繋ぐ北欧のグラフィック
マリメッコがもたらした革新性とデザイン
北欧の人々が愛する照明の数々
ファンシーではない北欧の玩具デザイン
日本の民芸運動と北欧デザインの繋がり

３章　新しい北欧デザインへ
大量生産品にも現れる北欧らしいデザインとは
テクノロジーとともに進化したプラスチックの可能性
北欧のエルゴノミクスデザイン
2000年以降のライフスタイルデザイン
アウトドアアクティビティの宝庫 北欧で発展したデザイン
北欧らしさを追究したデザイン

【コラム】
1930年ストックホルム博
グスタフスベリ・スタジオとリサ・ラーソン
ビルゲル・カイピアイネンとルート・ブリュック
H55について
オーナメントの普及と北欧デザインの幸福度
スウェーデンガラスとエリック・ホグラン
北欧のデザイン教育

【データ編】
年表
索引
フォトクレジット
おわりに
主要参考文献一覧","写真・工芸","jpn","224","A5"
"4418234128","9784418234127","フィンランドのライフスタイル","キュレイターズ 編","世界文化社","2023-04-18","2年","2970","","","","","","","","","世界一幸せな国フィンランドからの素敵なモノ・コト

・時代を超えるマスターピース、大集合！
・デザイナーごとに記事構成、わかりやすい
・SCOPE平井千里馬、週末北欧部chikaなどコラム充実

フィンランド好き、北欧好き、デザインに興味がある方などにおすすめの一冊です。
アルヴァ・アアルトやカイ・フランクといった
巨匠たちのマスターピースを心ゆくまでご覧いただけます。
今年90周年を迎える「スツール 60」は極初期のものから近年まで、
眼福の名作たちを５見開きにわたって楽しめます。
また、デザイナーごとに記事構成しているので、初心者の方にもわかりやすいのが特徴です。
デザイナーそれぞれのプロフィールを読めば、
“デザインが生まれた背景”フィンランドのライフスタイルを知ることができます。世界一幸せな国フィンランドからの素敵なモノ・コト","家事","aar","208","B5"
"457930408X","9784579304080","皆川明の旅のかけら","皆川明 著","文化出版局","2003-11","22年","1650","","","","","399","3","277","2","ミナペルホネンの皆川明による、雑誌「装苑」の好評連載を単行本化。テキスタイル、時間の軸を超えるデザイン、人との出会いなど、様々な“旅のかけら”たちを集めた１冊。カラー写真多数収録。","日本文学・評論・随筆・その他","jpn","127","A5"
"4167900637","9784167900632","ミナを着て旅に出よう (文春文庫)","皆川明 著","文藝春秋","2014-03-10","11年","836","","","361","6","","","","","ミナ ペルホネン誕生の奇跡がここに

生地からオリジナルで作り上げる唯一無二の服作り。駅伝のチームワークにも似た独自の仕事スタイルとは? 初の著書がついに文庫化。オリジナルの生地から作り上げる唯一無二の服作り。ミナの服にはどこか懐かしい心象風景が宿る。クリエイションの源を語った名著。","日本文学・評論・随筆・その他","jpn","192","A6/文庫"
"4838750544","9784838750542","ミナペルホネンと皆川明 (マガジンハウスムック)","","マガジンハウス","2015-10-07","10年","1518","","","","","","","","","ミナペルホネンは美しい存在感と生地から服を作るというアプローチでファッション界に衝撃をもたらした。デビューから２０年。ミナペルホネンはどこからきてどこへいくのか。その仕事やインタビューからひもとく。","諸芸･娯楽","jpn","171","A4変"
"4579209508","9784579209507","ミナペルホネンの織り (mina¨ perhonen)","ミナペルホネン 著","文化出版局","2005-08","20年","2200","","","2005","1","","","1437","2","２００５年にブランド設立１０周年を迎えたミナペルホネンの布にスポットを当てた本。ジャカード織りから平織り、綾織りと、個の存在と生命力を感じさせる、デザインが素材や技法に染み込んでいる布を紹介。","家事","jpn","","A5"
"4579209524","9784579209521","ミナペルホネンのプリント (mina¨ perhonen)","ミナペルホネン 著","文化出版局","2005-08","20年","2200","","","","","","","","","絵を描き、それを布に写し取る。その時にしか生まれないタッチや色を大切にし、その緊張感や高揚感すら表現する…。ファッションブランド「ミナペルホネン」のオリジナルプリント柄１００種を紹介。","家事","jpn","","A5"
"4861007461","9784861007460","ミナペルホネン？","ミナペルホネン 著","ビー・エヌ・エヌ新社","2011-04","14年","2860","","","","","1635","2","","","ファッションブランド「ミナペルホネン」の１５年の歩みを言葉と写真で織りなす書。ミナペルホネンが積み重ねてきたこでまでの時間、思想、取り組みをビジュアルと言葉で束ね表現されている。","芸術総記","jpn","207","B5"
"4861008964","9784861008962","レター 01．","ミナペルホネン 著","ビー・エヌ・エヌ新社","2013-09","12年","1320","","","","","","","380","1","ミナペルホネンから創造的に日々の暮らしを送る人たちへ届けられた、日記のような言葉と写真の手紙。第１集は２０１１年８月２日～１２年７月２６日分。飾ったりできるよう、１枚ずつめくりとれる特殊な製本を採用。","日本文学・評論・随筆・その他","jpn","","A5"
"4861527643","9784861527647","ミナペルホネン／皆川明 つづく","ミナ ペルホネン 著,皆川明 著","青幻舎","2020-01","6年","4070","4070","1","","","","","1784","1","「特別な日常服」をコンセプトに皆川明が設立した「ミナペルホネン」の25年が1冊に！「つづく」をキーワードに作品や資料を収録。","芸術総記","","261","B5変"
"4416524064","9784416524060","シェーカー家具大全","宇納正幸 著,白木克洋 著,西川栄明 著","誠文堂新光社","2024-09-06","1年5ヶ月","6600","6600","8","","","","","","","シンプルな構造で機能性に優れた、18世紀末に生まれたシェーカー家具。無駄を削ぎ落としたフォルムは、現在も人気がありファンが多い。近代家具デザインにも影響を及ぼしている。

本書は、シェーカー家具の生まれた背景や歴史、デザイン、構造、製作方法などについて、数多くの写真や図面と共に詳しく紹介。共著者は、シェーカー家具の製作者・研究者。以下にポイントを記載。

・シェーカー家具を作ったシェーカー教徒たちが、どのようなものづくりを行っていたかなどの歴史を年代ごとに解説。
・作り手の立場から、椅子やオーバルボックスなどの製作物について解説。
・100年以上前に作られたロッキングアームチェアを分解し、椅子の構造やシェーカー教徒が施した工夫などを探った。
・椅子、スタンド、オーバルボックスなどの製作工程を詳しく紹介。
→ エンフィールドチェア、ロッキングチェア、オーバルボックス、オーバルキャリア、キャンドルスタンド、タオルラック、ハンガーなど。
・椅子など6点の図面を掲載。
・シェーカー家具の源流、北欧のデザイナーなどへの影響などについて、椅子やテーブルの写真とともに、どのような流れで影響していったかを解説。
・アメリカのシェーカーコミュニティー跡やミュージアムで撮影した写真を、ふんだんに掲載。

■目次
シェーカー家具とは何か
地図：シェーカーコミュニティー所在地

CHAPTER 1　シェーカーのものづくりと理念
プロローグ　シェーカーの誕生から衰退までの簡略史
(1) シェーカーのものづくりの変遷
(2) シェーカーのものづくりを支える理念
(3) シェーカーコミュニティーとものづくりの現場
(4) シェーカーコミュニティーと家具

CHAPTER 2　作り手から見た、シェーカー家具の特徴
(1)椅子
(2)ダイニングテーブル
(3)スタンド
(4)オーバルボックスとキャリア
(5)箱物類、デスク
(6)道具と治具

CHAPTER 3　シェーカーチェアを解体する
ロッキングアームチェアNo.7（マウントレバノン製）を解体する
図面
ロッキングアームチェアNo.7（マウントレバノン製）を解体して分かったこと、再確認できたこと

CHAPTER 4　シェーカーチェアやオーバルボックスなどの作り方（製作工程）　
(1)エンフィールド・サイドチェア 1840の制作工程
(2) エンフィールド・ロッカーの製作工程
(3) オーバルキャリアLの製作工程
(4) オーバルボックスNo.3の製作工程
(5) キャンドルスタンドの製作工程
(6) タオルラックの製作工程
(7) ハンガーの製作工程

シェーカー関連年表
*************簡素で機能性に優れたシェーカー家具。デザイン、構造、製作方法、生まれた背景や歴史などについて、数多くの写真や図面と共に紹介。シェーカー家具とは何か
地図：シェーカーコミュニティー所在地

CHAPTER 1　シェーカーのものづくりと理念
プロローグ　シェーカーの誕生から衰退までの簡略史
(1) シェーカーのものづくりの変遷
・ものづくりの始まり　1774～1784年
・集団的ものづくりと同質化　1785～1799年
・高品質で多品目なものづくりと進歩主義　1800～1820年
・需要の拡大、ものづくりの反映と洗練　1821～1836年
・個人的表現の発生　1837～1856年
・椅子事業への取り組み　1857～1874年
・メンテナンスと職人的ものづくり　1875～1899年
・衰退期のものづくりと文化の継承　1900年～現在
(2) シェーカーのものづくりを支える理念
・シンプリシティー（簡素、単純性）　－理想の反映－
・有用性と機能主義　－現実的な効用－
・調和　－法と秩序－
(3) シェーカーコミュニティーとものづくりの現場
・シェーカーコミュニティーとは
・コミュニティーの組織制度
・コミュニティーでの暮らしと建物
(4) シェーカーコミュニティーと家具
1)ニューヨーク州：マウントレバノン、ウォーターブリット
2) マサチューセッツ州：ハンコック、ハーバード
3) ニューハンプシャー州：カンタベリー、エンフィールド
4) メイン州：アルフレッド、サバスデイレイク
5) ケンタッキー州：プレザントヒル、サウスユニオン
6) オハイオ州：ユニオンビレッジ、ノースユニオン

CHAPTER 2　作り手から見た、シェーカー家具の特徴
(1)椅子
(2)ダイニングテーブル
(3)スタンド
(4)オーバルボックスとキャリア
(5)箱物類、デスク
(6)道具と治具
コラム　シェーカーチェアの源流／シェーカー家具が北欧のデザイナーなどに影響を与えた

CHAPTER 3　シェーカーチェアを解体する
ロッキングアームチェアNo.7（マウントレバノン製）を解体する
図面
ロッキングアームチェアNo.7（マウントレバノン製）を解体して分かったこと、再確認できたこと

CHAPTER 4　シェーカーチェアやオーバルボックスなどの作り方（製作工程）　
(1)エンフィールド・サイドチェア 1840の制作工程
(2) エンフィールド・ロッカーの製作工程
(3) オーバルキャリアLの製作工程
(4) オーバルボックスNo.3の製作工程
(5) キャンドルスタンドの製作工程
(6) タオルラックの製作工程
(7) ハンガーの製作工程

コラム　UNOH Shaker styleのサイドチェア
シェーカー関連年表","写真・工芸","jpn","248","B5"
"4860212398","9784860212391","北欧のカップ＆ソーサー (Yu mook)","","雄出版","2006-04","19年","1362","","","","","","","448","4","北欧の国で生まれたテーブルウェアのモチーフは、花や草木の緑などの自然にあふれ、四季に恵まれた日本の暮らしにさりげなく調和する。デザイナーの創意と情熱あふれる、北欧のカップ＆ソーサーの魅力を紹介する。","諸芸･娯楽","jpn","128","A5"
"4777024660","9784777024667","北欧ファブリック図鑑 (NEKO MOOK)","","ネコ・パブリッシング","2020-03-31","5年","1540","","","","","","","","","北欧ならではの大胆で独創的なデザインが目を引く人気のファブリックパターンから、
そのパターンを落とし込んだ日常のアイテム、ブランド紹介まで。
インテリアに今すぐ取り入れられる身近な北欧デザインを集めました。インテリアに今すぐ取り入れられる身近な北欧デザインを集めました。北欧ならではの大胆で独創的なデザインが目を引く人気のファブリックパターンから、
そのパターンを落とし込んだ日常のアイテム、ブランド紹介まで。
インテリアに今すぐ取り入れられる身近な北欧デザインを集めました。

カバーデザインは、今年創立200周年を迎えるフィンランド最古のテキスタイルブランド、
フィンレイソンの「ANNUKKA　アンヌッカ」。ミルヤ・ティッサリによる1976年のデザインで、
200周年を記念し復刻した70年代の雰囲気を感じさせるダイナミックな花柄。
カバーはひっくり返すと色違いのバージョンになる仕様です。

  【主なコンテンツ】
北欧ファブリック図鑑
美しいパターンが身近にある
北欧の豊かな暮らし
1 章　愛され続ける北欧を代表するパターン
2 章　今をときめく人気デザイナーのパターン
3 章　もっと知りたい、北欧の素敵なブランド
4 章　日本から発信、北欧デザインのブランド

Finlayson
創立200周年を迎えるフィンレイソン
生活に密着した愛され続けるデザイン
真似したい、布で楽しむ北欧のインテリア

― Recipe
北欧ビンテージのファブリックと器でおいしい時間

― Essay
素朴でかわいい！
北欧ビンテージファブリックに魅せられた暮らし

― Column
Svenskt Tenn
Laina Koskela
Leena Kisonen
Annajaliisa

Shop Guide

","家事","","194","A5"
"4838756135","9784838756131","居心地のいい家具。 (MAGAZINE HOUSE MOOK Casa BRUTUS特別編集)","","マガジンハウス","2023-06-16","2年","1650","","","","","","","","","NEW STANDARD
居心地のいい家具。

椅子、照明、テーブル、ベッドウェア…。
今の時代の居心地のいい家具400。

今、居心地のいい部屋を作るためには、どんな家具を選べばいいのでしょうか。
パンデミックを経て、家でも仕事をすることが当たり前の習慣になり、ウェルビーイングの視点からは、寝室で過ごす時間を大切にする向きも増えました。
持続可能な素材として、長く使える木製家具も、あらためて注目されています。
国も時代も超えて、ワンクリックでどんな家具も購入できる時代です。
だからこそ、知りたいのは信頼できる目利きたちが家具を選ぶ基準。
選ばれた家具とじっと向き合っていたら、新しい時代のスタンダードが見えてきました。

居心地のいいデザインとは。
文・深澤直人

DESIGNERS
by LICHT
心地いい家具と、そのデザイナー。
コンテンポラリー／ミニマリズム／ポストモダン
イタリアンモダン／クラシック
Interview _須摩光央（LICHT）

NEW WOOD
feat. Norm Architects
新しい木の家具。
ユニークな形状／ソフトミニマリズム／巨匠の名作／新しいブランド
Interview_ヨナス・ビエール=ポールセン
&amp;フレデリック・ウェルナー（Norm Architects）

FOR WORK
by FLOOAT
働くための家具。
タスクチェア／ソファ＋サイドテーブル／ラウンジチェア＋サイドテーブル
デスク／シェルフ／ライト／ツール
Interview _吉田裕美佳（FLOOAT）

BEDROOM
feat. Magniberg
寝室のしつらえ。
レイアウト／ベッドウェア／ブランケット&amp;ベッドスプレッド
ブラインド&amp;カーテン／ベッドサイドの小物
Interview_ベント・ソーンフォルス
&amp;ニーナ・ノーグレン（Magniberg）

JAPANESE MODERN
by GALLERY-SIGN
いま注目したい、ジャパニーズモダンの巨匠。
剣持勇／イサム・ノグチ／坂倉準三／柳宗理
乾三郎／前川國男／松村勝男／丹下健三
Interview _溝口至亮（GALLERY-SIGN）

21ST. CENTURY MASTERPIECES 100
21世紀の名作デザイン100

INTERIOR BRAND
インテリアブランドの現在。
フリッツ・ハンセン／ノル／カッシーナ
ビー・アンド・ビー イタリア／アルテック／カールハンセン&amp;サン
ヘイ／ハーマンミラー／カリモク家具／マルニ木工

OUR ROOM ―家にあるもの。― 
本地択也・亜紀 （サロンディレクター）","諸芸･娯楽","jpn","148","A4変"
"4939102491","9784939102493","北欧デザイン 1 家具と建築","渡部千春 著","プチグラパブリッシング","2003-10","22年","2640","","","","","","","","","アアルト、ヤコブセン、ウェグナー、パントン…。デザインから感じる、「北欧」というモダン。ヴィジュアルディレクトリー「北欧デザイン」シリーズ、第１巻は家具と建築。","芸術総記","jpn","176","A5"
"4838785526","9784838785520","超・椅子大全！ (マガジンハウスムック)","","マガジンハウス","2009-03","16年","1258","","","","","1308","1","","","椅子の造形に過剰なまでの執着を見せた巨匠デザイナーの椅子人生、著名デザイナーご自慢の椅子、１８００年代から２００９年までの最新名作椅子１５０など、椅子にまつわるあれこれを集めた読んで楽しい椅子ガイド。","諸芸･娯楽","jpn","154","A4変"
"475625862X","9784756258625","椅子とめぐる20世紀のデザイン","織田憲嗣 執筆","パイインターナショナル","2024-03-14","1年11ヶ月","2860","","","","","","","","","アール・ヌーヴォーからポストモダンまで、20世紀のデザインを名作椅子とともに解き明かす

モダニズムの元祖となったバウハウスや、プラスチックや成型合板で曲面のデザインを可能にしたアメリカのミッド・センチュリー、そして奇抜でカラフルなイタリアのポストモダンなど、20世紀は革命的なデザインムーブメントが巻き起こった、大デザイン時代でした。本書は100年におけるデザインの変遷を、各時代の名作椅子とともに解き明かします。

織田コレクションとは
椅椅子研究家の織田憲嗣氏が長年かけて収集、研究してきた20世紀のすぐれたデザインの家具と日用品のコレクション。近代デザイン史の変遷を俯瞰できる学術的にも極めて貴重な資料として、世界的にも高い評価を得ている。","芸術総記","jpn","224","B5"
"4838752954","9784838752959","名作椅子と暮らす。 (MAGAZINE HOUSE MOOK Casa BRUTUS特別編集)","","マガジンハウス","2018-07-02","7年","1430","","","","","","","","","CHAIR LIFE
名作椅子と暮らす。

空間の中で、インテリアのスタイルを決定づけるのは椅子です。
だから暮らしのパートナーにどんな椅子を選ぶかは、とても大切です。
そこで、独自の審美眼を持って様々な世界で活躍する目利きたちに、
コレクションの数々と、そのセレクトの基準を教えてもらいました。
彼らの椅子選びをヒントに、自分だけの「名作椅子」を探しましょう。


清永浩文(SOPH.) 椅子マスターを魅了した実用性のあるヴィンテージ。 
片山正通(Wonderwall) 実験性にあふれるモダニズムの椅子。 
〈visvim〉 独特の存在感を放つジャンヌレの椅子。 
〈HYKE〉 さりげない女性らしさが潜むペリアンの美学。 
〈ドーバー ストリート マーケット NY〉に選ばれた2脚。
南 貴之(alpha.co.ltd) 一期一会の出会いが作るコレクション。 
〈ISABEL MARANT〉 ショップで出会うオランダとブラジルの感性。 
オランダのコンパスチェア一覧! 
宮田一彦(建築家)?日本家屋に調和するフレンチヴィンテージ。 
ムラカミカイエ インダストリアルからクラフトに至る収集の変遷。 
〈うどん 丸香〉 讃岐うどんの名店に〈トリックス〉の《Hスツール》。 
世界にひとつだけの名作椅子。 
〈sacai〉 ストーリーのあるミッドセンチュリーの椅子。 
ミッドセンチュリーのスーパースターが集結。?DESIGNS FOR LIVING(『PLAYBOY』JULY 1961) 
〈とんかつ まい泉〉老舗とんかつ店で愛され続けるイームズ。 
川田 修(BOOK AND SONS) ぬくもりだけじゃない、ストーリーのある北欧ミックス。 
〈TIFFANY &amp; CO.〉 〈ティファニー〉の特別な空間に北欧の名作椅子。 
井出恭子(YAECA) 長く一緒に暮らす相手として選ぶ木の椅子。
〈REPOSSI〉 ハイジュエラーが選んだドナルド・ジャッドの椅子。 
成田博昭(FRUCTUS) ヴィンテージのコンテンポラリーな楽しみ方。 
石川康晴 現代美術コレクターが集める坂倉準三の椅子。 
〈墨会館〉 丹下健三がデザインした名作椅子。 

CHAIR LOVE 
??超・名作椅子カタログ100?
??名作椅子を生み出す世界ブランドの基礎知識。 

VINTAGE SHOP 良質なヴィンテージチェアが見つかる14軒/ヴィンテージチェアの見分け方

STANDARD / PK22 永遠のマスターピース 《スタンダード チェア》と《PK22》 
●ジャン・プルーヴェと《スタンダード チェア》。 
●ポール・ケアホルムと《PK22》。 

IT DESIGNER! 
●ピエール・ジャンヌレ
●フリソ・クラマ","諸芸･娯楽","jpn","178","A4変"
"4416523181","9784416523186","名作椅子の解体新書 PART2","西川栄明 著,坂本茂 著","誠文堂新光社","2023-10-10","2年","3520","","","","","","","","","『名作椅子の解体新書』（2020年刊行）の続編。レッドアンドブルーチェアやトーネットNo.14など「名作椅子」と呼ばれている椅子、フィン・ユールやイームズなどの著名デザイナーがデザインした椅子について、解体（分解）、組立、座の張り替えなどの工程を写真入りで詳細に紹介（＊椅子によって、解体のみ、解体・組立、布（革）張りの剥がし　等々のパターンあり）。

これらを紹介しながら、各椅子の特徴、構造、デザイナーの思いなど探っていく。
１）どのような技術が駆使されているか：接合方法、強度の持たせ方、デザインを生かすための工夫、外見からはわからない隠れた部分での工夫　など
２）長所、短所
３）素材：使用木材や金属の種類、張地の中身（綿、布、馬毛、ウレタンなど）　など
４）デザイナーがどのような考え方で、その椅子を手掛けたのか。どのような経緯で、その椅子が誕生したのか。
５）掲載椅子（19脚）
・レッドアンドブルーチェア〔ヘリット・トーマス・リートフェルト〕
・ワシリーチェア〔マルセル・ブロイヤー〕
・トーネットNo.14〔トーネット〕
・チーフティンチェア〔フィン・ユール〕
・BO59〔フィン・ユール〕
・ディプロマットチェア〔フィン・ユール〕
・PP124〔ハンス J. ウェグナー〕
・ミニベアチェア〔ハンス J. ウェグナー〕
・PK31〔ポール・ケアホルム〕
・アームチェア402〔アルヴァ・アアルト〕
・ラミノチェア〔イングヴェ・エクストロム〕
・ヨーテボリチェア〔エリック・グンナール・アスプルンド〕
・キャブ〔マリオ・ベッリーニ〕
・イームズラウンジチェア〔イームズ〕
・アルミナムグループチェア〔イームズ〕
・モデル72〔エーロ・サーリネン〕
・山葉文化椅子〔日本樂器製造株式会社〕
・コトブキ製サイドチェア〔柳宗理〕
・曲彔『名作椅子の解体新書』(2020年)の続編。椅子19脚の解体や組立を行い、部材や接合方法を詳細紹介。特徴や構造などを探る。　・チーフティンチェア〔フィン・ユール〕
チーフティンチェアを解体・修復する
－なぜ、チーフティンチェアのアームには鉄板が入っているのか－

・BO59〔フィン・ユール〕
フィン・ユールのBO59を解体する
－特徴的なX字形の貫は、どのような構造になっているのか－

・ディプロマットチェア〔フィン・ユール〕
ディプロマットチェアを解体・修復する
－フィン・ユールがデザインした、量産タイプのノックダウン式アームチェア－

・PP124〔ハンス J. ウェグナー〕
ウェグナーのPP124をフレーム状態にする
－丈夫なロープ（フラッグ・バリヤード）を背と座に使用したロッキングチェア－

・ミニベアチェア〔ハンス J. ウェグナー〕
ミニベアチェアを解体・修復する
－ミニベアチェアは、パパベアチェアとどこが違うのか－

・PK31〔ポール・ケアホルム〕
ポール・ケアホルムのPK31を解体・修復する
－シートや背もたれを横に連結して、座席を増やせるソファ－

・アームチェア402〔アルヴァ・アアルト〕
アアルトのアームチェア402を解体・修復する
－アアルト夫妻の曲げ加工技術研究によって生まれた椅子－

・ラミノチェア〔イングヴェ・エクストロム〕
ラミノチェアを解体・修復する
－スウェーデンで人気の高い、人間工学の視点からデザインされたノックダウン式のエレガントな椅子－

・ヨーテボリチェア〔エリック・グンナール・アスプルンド〕
ヨーテボリチェアを解体する
－トーネットの椅子に似ているといわれるが、構造面では似て非なるもの－

・トーネットNo.14〔トーネット〕
トーネットNo.14を分解する
－なぜ、トーネットの椅子は世界中で愛用されてきたのか－

・レッドアンドブルーチェア〔ヘリット・トーマス・リートフェルト〕
レッドアンドブルーチェアを分解する
－なぜ、レッドアンドブルーチェアは、見た目にインパクトがあるのか－

・ワシリーチェア〔マルセル・ブロイヤー〕
ワシリーチェア（B3）を分解する
－なぜ、ワシリーチェアの素材にスチールパイプが使われたのか－

・キャブ（CAB）〔マリオ・ベッリーニ〕
キャブ（CAB）の革を剥がす
－なぜ、素材は革だけに見えるのに、強度も柔軟性もある椅子になっているのか－

・イームズラウンジチェア〔イームズ〕
イームズラウンジチェアを解体・修復する
－なぜ、イームズラウンジチェアは、イームズの椅子の代表作といわれるのか－

・アルミナムグループチェア〔イームズ〕
アルミナムグループチェアを分解する
－イームズが、構造上の重要箇所にアルミニウムを用いる先駆けとなった椅子－

・モデ","写真・工芸","jpn","208","B5"
"4306047067","9784306047068","フランク・ロイド・ライトー世界を結ぶ建築","監修:ケン・タダシ・オオシマ,監修:ジェニファー・グレイ","鹿島出版会","2023-11-06","2年","3080","","","","","","","","","華麗な装飾、自然との調和、独自の存在感を放つ造形、素材と構法の革新、未来的なヴィジョンの数々。
近年のF.L.ライトの成果を基にした、四半世紀ぶりに日本で開催される待望の展覧会。

フランク・ロイド・ライト（1867-1959）
カウフマン邸（落水荘）やグッゲンハイム美術館で知られるライトは、帝国ホテル二代目本館、自由学園明日館も手がけ、熱烈な浮世絵愛好家の顔をもつ。帝国ホテル二代目本館100周年記念展覧会「フランク・ロイド・ライト　世界を結ぶ建築」展公式カタログ。フランク・ロイド・ライト――世界を結ぶ建築　　ケン・タダシ・オオシマ
フランク・ロイド・ライトとランドスケープ　　ジェニファー・グレイ
SECTION 1　モダン誕生　シカゴ―東京、浮世絵的世界観
SECTION 2　「輝ける眉」からの眺望 
日本におけるライト建築　　水上 優
SECTION 3　進歩主義教育の環境をつくる 
SECTION 4　交差する世界に建つ帝国ホテル
ライトの日本の弟子たち　　田中厚子
SECTION 5　ミクロ／マクロのダイナミックな振幅
ユーソニアン・オートマチック・システム――個人の主権から公共デザインまで　　マシュー・スコンスバーグ
SECTION 6　上昇する建築と環境の向上 
SECTION 7　多様な文化との邂逅
帝国ホテル・ライト館から新本館へ　　田根 剛
フランク・ロイド・ライト年表
一般公開作品リスト
参考文献
出品作品リスト","芸術総記","jpn","256","B5"
"4870999838","9784870999831","美しい椅子 (〔エイ〕文庫)","島崎信 著,生活デザインミュ－ジアム 著","枻出版社","2003-12","22年","748","","","","","","","","","","家事","jpn","171","A6/文庫"
"483878936X","9784838789368","北欧デザインの名作と暮らす (マガジンハウスムック)","","マガジンハウス","2014-07-10","11年","1375","","","","","","","","","北欧で生み出される家具や食器、テキスタイルなどに共通するのは、シンプルで機能的なデザインと、ナチュラルな「ぬくもり」。北欧デザインの名作を一から復習し、新定番といえる新作プロダクトも徹底ガイドする。","諸芸･娯楽","jpn","137","A4変"
"4902930307","9784902930306","セイナッツァロ役場＆夏の家 (World architecture)","宮本和義 撮影,齊藤哲也 解説,牧尾晴喜 〔訳〕","バナナブックス","2014-01","12年","1870","","","","","","","","","北極圏から南に数百キロ、湖に浮かぶわずか人口三千人の小さな島に建てられたセイナッツァロの役場（フィンランド・セイナッツァロ／1952）と、彼の地に魅入られたアアルト自身の別荘である夏の家（1953）。戦後の第一作にして生涯の傑作とされる公共施設とユニークな実験住宅。自然にとけこむプランからインテリアまでを、豊富な写真と建築家の転機をふまえた解説で紹介する。



アルヴァ・アアルト （1898-1976）フィンランドが生んだ近代建築の世界的な建築家。建築、都市計画から家具、テーブルウエアなどの生活用具までそのデザイン領域は多彩。独立当初は新古典主義の作風であったが、パイミオのサナトリウム(1928)で北欧のモダニズムの旗手として登場する。木や竹やレンガの使用、うねる壁面や天井などモダニズムをより柔らかく表現した作風でアアルト独自のスタイルをつくる。マイレア邸、セイナッツァロ役場、ヘルシンキ工科大学、フィンランディアホールなど大小さまざまな建築がフィンランド全土に建つ。



＊オールカラー

＊全テキスト、日本語・英語併記生涯の傑作とされる公共施設・セイナッツァロの役場と、アアルト自身の別荘であるユニークな実験住宅・夏の家。自然にとけこむプランからインテリアまでを、豊富な写真と建築家の転機をふまえた解説で紹介する。","建築","jpn","71","A5"
"4939102513","9784939102516","北欧デザイン 3 テキスタイルとグラフィック","渡部千春 著","プチグラパブリッシング","2004-02","22年","2640","","","","","798","2","586","1","マリメッコ、ティオ・グルッペン、オーレ・エクセル…。くらしと歩む、心地よきデザインたち。ヴィジュアルディレクトリー「北欧デザイン」シリーズ、第３巻はテキスタイルとグラフィック。","芸術総記","jpn","176","A5"
"4761532645","9784761532642","アルヴァ・アアルトのインテリア","小泉隆 著","学芸出版社（京都）","2020-10-28","5年","3520","","","","","","","","","上質な建築の真価は内部空間に現れる。北欧を代表する建築家アルヴァ・アアルトは、自ら設計した建築のインテリアの隅々まで使いやすさ、美しさを追求した。暮らしに対する鋭い感覚と研ぎ澄まされたデザイン力が結実した椅子、木製家具、照明、ガラス器、テキスタイルの120作品を、500点以上の写真、スケッチ、図面で紹介。暮らしに対する鋭い感覚、研ぎ澄まされたデザインが結実した北欧の椅子、照明、ガラス器など120作品を500点の図版で紹介Introduction　アアルトのインテリアデザインを支えた思想と背景 ─親しみやすさと革新性の共存─

Total Design
パイミオのサナトリウム
サヴォイ・レストラン
マイレア邸
国民年金会館本館
ルイ・カレ邸
ハーバード大学図書館のポエトリールーム
米国国際教育研究所のカウフマン会議室

Exhibition and Promotion 
最小限住宅展
ヨーロッパでの展覧会と評価の高まり
アルテック社の設立
パリ万国博覧会のフィンランド館
ニューヨーク万国博覧会のフィンランド館
フィンランド・ハウジングフェア

Chair 
古典主義期の椅子
デザインの近代化の兆し
オット・コルホネンとの出会いとスタッカブルチェアの誕生
木材加工技術開発の出発点となったスチールパイプ製の椅子
フォーク・センナ
世界初の柔らかい木製椅子
トーネット社のコンペティション
肘掛けも一体化されたハイブリッドチェア
木製のキャンチレバーチェアの誕生
ループ状の木製フレームによるパイミオチェア
門型の木製サイドフレームによるアームチェア
マルセル・ブロイヤーとの相互関係
キャンチレバーチェアのヴァリエーション
L-レッグの誕生とスツール 60
「柱の妹」と呼ばれた椅子の脚
実験から生み出された木製のレリーフ
Y-レッグ
X-レッグ
アームチェアのヴァリエーション
国民年金会館本館のスパゲッティチェア
フィンランディア・ホールの椅子
V63 スツール
バルコニーチェア
ガーデンファニチャー

Other Wooden Furniture 
機能主義への移行期の家具
曲げ木の加工技術を応用した家具
900/901 ティートローリー
トライアングルフレームの棚
100 パーテーション
H-レッグのテーブル
フィンランドが育んだ白樺の活用

Lamp 
古典主義期の照明
機能主義期の照明
有機的なフォルムをまとったランプ
ポール・ヘニングセンからの影響
リング状のシェードで光源を包み込んだ照明
円筒形のペンダントランプ
球形のスポットライト

Glass Object
ボルゲブリック
リーヒマキ・フラワー
アアルトベース
マイヤ
1930年代のガラス皿
アアルトフラワー
誕生日プレゼントのラージベース
1950年代のガラス皿
イッタラ社と工場

Textile
特定の建築のためにデザインされたテキスタイル
アイノのテキスタイル
世界各地のテキスタイルへの関心
1950年代のテキスタイル

Store an","建築","jpn","208","A5"
"434441425X","9784344414259","わたしのマトカ (幻冬舎文庫)","片桐はいり 著","幻冬舎","2010-02-10","16年","726","","","523","1","","","","","映画の撮影で一カ月滞在した、フィンランド。森と湖の美しい国で出会ったのは、薔薇色の頬をした、シャイだけど温かい人たちだったーー。旅好きな俳優が綴る、笑えて、ジンとくる名エッセイ。","日本文学・評論・随筆・その他","jpn","200","A6/文庫"
"4845920158","9784845920150","WindowScape［北欧編］","","フィルムアート社","2022-09-06","3年","3520","","","2444","1","","","","","北欧への憧れは心地よい窓辺から──



アアルト、アスプルンド、レヴェレンツ、

フィスカー、ヤコブセン、ウッツォン……



建築家たちだけでなく、

生活者の創造力も引き出した窓をめぐる旅へ。



光、風、熱、人、緑……

多様な要素の”ふるまい”の生態系のなかで

窓をとらえる「WindowScape」シリーズ。

第４弾は北欧の名建築編！



20世紀初頭、それまで民族誌的連関の中にあった建築が産業社会的連関に取り込まれていく移行期に、北欧の建築家たちは両者の衝突や摩擦の中で、民族誌的な質を捨てきれずに工業化を消化し不思議なハイブリッドをつくり出していった......。葛藤しながらもそのハイブリッドに新しい均衡を見出し創造のエネルギーとしたからこそ、彼らの作品は現代を生きる私たちにとっても味わい深い──スウェーデン、フィンランド、デンマークで訪れた73の名建築から114の窓を紹介する。



《本書で取り上げる主な建築家とその作品》

◆アルヴァ・アアルト（フィンランド／1898-1976）

　パイミオのサナトリウム、アアルト自邸、セイナッツァロの村役場、ムーラッツァロの実験住宅／夏の家、ラケウデン・リスティ教会、アアルトスタジオ、アカデミア書店ビル…など

◆グンナール・アスプルンド（スウェーデン／1885-1940）

　スネルマン邸、森の礼拝堂、カール・ヨーハン小学校、ストックホルム市立図書館、イェーテボリ裁判所、ステナス夏の家、森の火葬場…など

◆シーグルド・レヴェレンツ（スウェーデン／1885-1975）

　ローイングクラブ、復活の礼拝堂、社会保険庁、聖ペトリ教会…など

◆カイ・フィスカー（デンマーク／1893-1965）

　フェスター湖通りの集合住宅、ドロニングゴーデン集合住宅…など

◆アルネ・ヤコブセン（デンマーク／1902-1971）

　ベラヴィスタ集合住宅、ヤコブセン夏の家、スーホルムⅠ、スーホルムⅢ、ムンケゴー小学校、SASロイヤルホテル、レズオウア図書館、デンマーク国立銀行…など

◆ヨーン・ウッツォン（デンマーク／1918-2008）

　ウッツォン自邸、ダルスゴーア邸、キンゴーハウス、バウスヴェア教会、ウッツォンセンター…など研究の背景と目的

北欧の自然環境と窓

北欧における窓の変遷

調査対象と方法

この本に登場する北欧の建築家たち



SWEDEN│スウェーデン

　Gunnar Asplund│グンナール・アスプルンド

　Sigurd Lewerentz│シーグルド・レヴェレンツ

　コラム：逸脱を愛した反復、反復を許した逸脱

FINLAND│フィンランド

　Alvar Aalto│アルヴァ・アアルト

　コラム：アアルトの窓の心地よさを支えた技術と生産体制

DENMARK│デンマーク

　Kay Fisker│カイ・フィスカー

　Arne Jacobsen│アルネ・ヤコブセン

　Jørn Utzon│ヨーン・ウッツォン

　コラム：窓のユニット化と脱ユニット化



結び：窓の問題、窓の遊び場



参考文献

調査地・調査メンバー

掲載建築リスト","建築","jpn","320","A5"
"4761532408","9784761532406","アルヴァ・アールトの建築","小泉隆 著","学芸出版社（京都）","2018-03-10","7年","3520","","","","","","","","","北欧を代表する建築家アルヴァ・アールトが追求した美しく機能的なディテールを集めた作品集。住宅や公共建築、商業施設、家具や照明器具にいたるまで、構造や技術を反映した合理的なデザイン、素材や形へのこだわり、使いやすさが発揮された170のディテールを多数のカラー写真と図面で紹介。所在地リスト、書籍案内も充実。北欧を代表する建築家が追求した美しく機能的なディテールを集めた作品集。住宅、公共建築から家具まで多数の写真と図面で紹介。Introduction

Handle &amp; Door
取っ手
手すり
木製扉と扉まわりの立面構成
ルイ・カレ邸　格子扉
ヴィープリの図書館　ブレース入りの鋼製ガラス扉

Stairs &amp; Floors
ヴィープリの図書館　T字形断面の屋外階段
労働者会館　エントランスホールの階段
マイレア邸　居間の階段
サウナッツァロの村役場　議場へのアプローチ
タリン美術館　展示エリアを区分する階段
リオラの教会　段状の聖歌隊席
建物に奉仕する外部階段
野外劇場のモチーフ

Path &amp; Corridor
サウナッツァロの村役場　中庭に面する回廊
アラヤルヴィ庁舎　幅と高さが変化する中央廊下
リオラの教会　水平材が連続するキャノピー
文化の家　二つのヴォリュームを統合するキャノピー
ヴォルフスブルク文化センター　変化に富んだピロティ

Column &amp; Frame
マイレア邸　林立する多様な柱
柱の表現の展開
アールトスタジオ　板状の柱
トゥルン・サノマット新聞社　マッシブな柱
屋根を支える木架構
ロングスパンの木製合成梁
ヘルシンキ工科大学　大講堂のリブフレーム
リオラの教会　ダイナミックなリブフレーム
ムーラッツァロの実験住宅　木架構の実験
線材による繊細なデザイン

Wall &amp; Ceiling
自由曲面の壁
ヴィープリの図書館　児童図書室入口の曲面壁
個性あふれる間仕切り
ヴォクセンニスカ教会　曲面の可動間仕切り
外観を特徴づける可動間仕切りのデザイン
木の外壁のディテール
コッコネン邸　輝く木の壁
アールトスタジオ　白い壁面のヴァリエーション
周囲に調和したファサード
ヴィープリの図書館　講義室の波打つ天井
ルイ・カレ邸　玄関を包み込む曲面天井
窓際の斜め天井
空間の広がりを演出する天井
音や熱をコントロールするパネル天井
照明や音響の効果を高める布の活用
有機的な曲線を描くキャノピー

Window
ルイ・カレ邸　展示作品を照らすための窓
アールトスタジオ　建物に変化を与える多様な窓
景色を楽しむ窓、集中するための窓
サウナッツァロの村役場　議場の闇を引き立てる窓
遊び心が感じられる即興的な窓
パイミオのサナトリウム　病室の窓まわり
パイミオのサナトリウム　食堂のガラスボックス
ムーラッツァロの実験住宅　中庭との関係性が表現された窓と扉
内と外との関係を演出する窓辺
ヴォクセンニスカ教会　外皮と内皮のズレをまとめる二重ガラスの高窓
ラハティ教会　十字架をかたどった小窓群
内部の要求から決まった窓の外観への現れ

Skylight &amp; Refl","建築","jpn","240","A5"
"4761526947","9784761526948","公衆サウナの国フィンランド","こばやしあやな 著","学芸出版社（京都）","2018-12-28","7年","2200","2200","1","1269","3","1194","1","","","フィンランド版銭湯に学ぶ！
街から消えゆく公衆浴場を、現代人の居場所に変えるヒント

日本で急速にサウナ熱が高まっている昨今、実はサウナの本場フィンランドでも、空前の公衆サウナ・ブームが街を席巻中！つい10年前までは閑古鳥が鳴いていた「フィンランド版銭湯」が、いまなぜこんなにも盛り上がっているのか…？ 前世紀の栄枯盛衰ヒストリーから、斬新なアイデアと熱意で街にサウナを呼び戻した今日のリーダーたちのドキュメントまで。現地在住の日本人サウナ研究家が、現代人の居場所となった公衆浴場のリアルな姿を届ける一冊です。本場フィンランドの公衆サウナの楽しみ方、栄枯盛衰ヒストリー、仕掛け人の人物録まで。現代人の居場所となった公衆浴場のリアルはじめに
序章      フィンランド・サウナのいろは：日本のサウナとこんなに違う／日本のお風呂とこんなに似てる
１章　公衆サウナの最前線：　昔ながらの入浴施設を街の新しいコミュニティ空間に
　● map    フィンランド二大都市　公衆サウナマップ
２章　ヘルシンキ公衆サウナ史：　街のサウナ屋さんが流行らなくなったわけ
　● column 現存最古の公衆サウナで学ぶ、フィンランド・サウナの楽しみ方
３章　新世代のアイデアと実践：　プロジェクトリーダーたちが考える「いま、なぜ公衆サウナなのか？」
　File 1.   地元住民の執念に救われた現存最古の公衆サウナ
　　老朽化したローカル浴場を、街を活性化する資源に
　　　●ヴェイッコ・ニスカヴァーラ／［ラヤポルッティ・サウナ］運営代表者
　File 2.   新世代の多目的拠点となった老舗公衆サウナ
　　社会の変化と先代の個性を味方につけ、浴場文化を盛り上げる
　　　●キンモ・ヘリスト／［サウナ・アルラ］現オーナー
　File 3.   時代が追い付いた〈文化的な〉公衆サウナ構想
　　先駆的すぎたヒーロー建築家が、九〇年後のいまに託したバトン
　　　●アルヴァ・アールト／建築家・[クルットゥーリサウナ]発案者
　File 4.   都会の水辺を賑わせる最先端公衆サウナたち
　　　ローカルと観光客を引き合わせる、街角のウェルネスリゾートづくり
　　　●ヴィッレ・イーヴォネン／サウナ・フィンランディア・ホールディングス代表
　File 5.   みんなで建ててみんなで守る年中無休の公衆サウナ
　　　管理人不在の公共空間は、市民の良心を寄せ集めて育てる
　　　●サーラ・ロウヘンサロ／［ソンパサウナ］協会副代表
　File 6.   年に一度の街中一斉公衆サウナ化計画
　　　赤の他人を信頼する勇気で、豊かさの新境地を拓く
　　　●ヤーッコ・ブルンベリ／［ヘルシンキ・サウナデー］発起人
４章　現代公衆サウナ論：　価値づくりのキーワードは「人の居場所」と「街の文化」
おわりに","社会","jpn","160","A5"
"4767819857","9784767819853","日本の最も美しい図書館","立野井一恵 文","エクスナレッジ","2015-05","10年","1980","","","","","1701","1","","","一度は訪れたい、日本の美しすぎる図書館。歴史的な建物を今も使い続けているレトロ図書館からモダニズム図書館、最新の図書館まで。読書に集中できなくなるほどに美しい４１館を厳選。","写真・工芸","jpn","153","B5"
"4838103743","9784838103744","京都夜景名所 (Suiko books)","水野克比古 著","光村推古書院","2006-10-30","19年","1760","","","","","","","","","月明かりに照らされた庭。町家から洩れる明りを受けて光る石畳。ライトアップされた寺社の桜や紅葉…。古都の風情をより一層ひきたてる、幻想的な京の夜景を集めた写真集。拝観料など各撮影ポイントのデータも収録。","写真・工芸","jpn","91","B5"
"4777021025","9784777021024","北欧雑貨図鑑フィンランド100 (NEKO MOOK)","","ネコ・パブリッシング","2017-06-29","8年","1518","","","","","","","","","2017年は、フィンランド独立100周年記念イヤーであり、フィンランド国内のみならず、日本でもフィンランド関連の展覧会やイベントが目白押しです。本誌では、国際的な評価も高い、フィンランドのデザインについて一冊にわたりまとめます。さらに巻末では、「日本で買える・触れる・味わう」をテーマに、国内の北欧雑貨やインテリアショップ、カフェ・レストラン情報をまとめて記載します。
国際的な評価も高い、フィンランドのデザインについて一冊にわたりまとめます。雑貨;ﾌｨﾝﾗﾝﾄﾞ;ｲﾝﾃﾘｱ;ｶﾌｪ;北欧;図鑑;ﾃﾞｻﾞｲﾝ","家事","jpn","194","A5"
"4897377633","9784897377636","森の植物が教えてくれた北欧フィンランドのフラワーデザイン","クミ・ヘンティネン 著","六耀社","2014-05","11年","2200","","","","","","","","","写真、デザイン、ハンドワークによって、フィンランドのフラワーデザイナーの魂の風景を解釈し、表現。森と湖の国、フィンランドの神秘的な自然から学んだフラワーデザインのアイデアをはじめて明かす。","家事","jpn","87","B5"
"4306050343","9784306050341","アルヴァ・アアルト (SD選書)","武藤章 著","鹿島出版会","1969-03-05","56年","2200","","","","","","","","","","建築","jpn","240","B6"
"4767833205","9784767833200","北欧の美しい図書館","小泉隆 著","エクスナレッジ","2024-07-22","1年6ヶ月","2420","","","","","","","","","なぜ北欧の図書館は魅力的なのか？

読書体験を魅力的なものにするために、
本と人との関係をとことん考え抜いて
つくられているからです。

読書好きの国民が多く、
図書館利用率が世界的に高い北欧諸国。
そこには、美しく楽しく居心地のよい
良質な図書館建築が数多く存在します。
本書ではデンマーク、スウェーデン、
フィンランド、ノルウェーの各地にある
図書館建築のなかでも、
特に空間性が豊かな事例を厳選して紹介します。

■掲載図書館
1章：デンマークの図書館
・コペンハーゲン大学旧図書館
・コペンハーゲン中央図書館
・デンマーク王立図書館
・レンテメスターヴァイ図書館
・ティンビェア図書館＆カルチャーハウス
・ロドオウア図書館
・ヴィビュ図書館＆カルチャーハウス
・ヘアニン図書館
・ドック1

2章：スウェーデンの図書館
・スウェーデン王立図書館
・ストックホルム市立図書館
ストックホルム大学図書館
・ウプサラ大学図書館
・ヴェクショー市立図書館新館
・ハルムスタッド図書館
・マルメ市立図書館

3章：フィンランドの図書館
・フィンランド国立図書館
・ヘルシンキ中央図書館“オオディ”
・ヘルシンキ大学図書館
・リクハルディンカトゥ図書館
・トーロ図書館
・国民年金会館本館図書室
・ムンキニエミ図書館
・カッリオ図書館
・ヴァッリラ図書館
・マウヌラ・ハウス
・パシラ図書館
・アアルト大学ラーニング・センター
・イソ・オメナ図書館
・キルッコヌンミの図書館
・トゥルク市立図書館
・タンペレ市立図書館
・ヴィープリの図書館
・ユヴァスキュラ大学アアルト図書館
・セイナヨキ市立図書館
・アピラ図書館
・アラヤルヴィの図書館
・ロヴァニエミ市立図書館

4章：ノルウェーの図書館
・オスロ図書館旧本館
・ダイクマン図書館
・リレハンメル図書館
・トンスベルグ＆フェルダー図書館
・ヴェネスラの図書館
・トロムソ図書館","写真・工芸","jpn","224","A5"
"4344431685","9784344431683","意地でも旅するフィンランド (幻冬舎文庫)","芹澤桂 著","幻冬舎","2022-02-10","4年","649","","","","","","","150","1","","日本文学・評論・随筆・その他","jpn","181","A6/文庫"
"4768313507","9784768313503","北欧フィンランド配色ブック","島塚絵里 著","玄光社","2020-05-25","5年","2750","","","1660","1","","","","","憧れの国から学ぶ、美しい色使い

デザイン&amp;アート／街／インテリア／自然
4つの切り口から珠玉の配色を巡る","写真・工芸","jpn","191","A5"
"4478069239","9784478069233","フィンランド人が教えるほんとうのシンプル","モニカ・ル－ッコネン 著,関口リンダ 訳","ダイヤモンド社","2016-09-16","9年","1430","","","1124","1","","","","","お金に頼らずともシンプルでセンスある暮らしができれば幸せになれる。本書は、効率よりもデザインを、ものよりも時間を大切にする、フィンランド人に学ぶライフスタイルの提案である。効率よりもデザインを、ものよりも時間を大切にする、フィンランド人に学ぶライフスタイルの提案","社会科学総記","jpn","163","B6"
"4802209487","9784802209489","デザインあふれる森の国フィンランドへ (旅のヒントBOOK)","ラサネン優子 著","イカロス出版","2020-11-24","5年","1760","","","","","","","","","","旅行","jpn","174","A5"
"4802212828","9784802212823","デザインあふれる森の国フィンランドへ 最新版 (旅のヒントBOOK)","ラサネン優子 著","イカロス出版","2023-04-24","2年","1870","","","","","","","","","020年11月に発売した「デザインあふれる森の国 フィンランドへ」の改訂版。
北欧フィンランドは多くの森と湖があり、自然豊かな国です。
マリメッコやイッタラ、アラビアなど機能的で美しいブランドが誕生したところでもあり、また、フィンランド出身で世界的な建築家であるアルヴァ・アアルトが手がけた建築物が、各地に点在しています。
さらに、日本でも近年人気のサウナが、昔から人々の生活に根付いていることでも知られています。

本書は、そんなフィンランドの魅力的なカルチャーに触れる旅を楽しみたい方に、ぜひ手に取っていただきたい一冊です。
ヘルシンキのはずせない見どころ、フィンランド生まれの各ブランドのショップやさまざまなデザイナーの作品などを扱うショップ、素敵で居心地のいいカフェ、フィンランドの森の恵みを味わえるレストラン、おしゃれなサウナ、こだわりのデザインホテル……。ヘルシンキ在住で、コーディネーターやライターとして活躍する著者が厳選したスポットをご紹介します。

さらに、ヘルシンキから1時間ほどでアクセスできる森（国立公園）や、ムーミン美術館のあるタンペレ、冬はオーロラ観測を楽しめるロヴァニエミなど、ヘルシンキから足をのばして訪れてほしいスポットや町もご案内します。

最新版の本書は、新たにつくられた美しい建築物、話題のカフェやレストラン、ホテルなどを新規掲載。掲載データもアップデートしています。【CONTENTS】

・はじめに
・フィンランドMAP＆フィンランド基本情報
・ヘルシンキ＆各地MAP
・フィンランドの歴史

【1 ヘルシンキを歩く】
・見どころ、ショップ、カフェ、レストラン、バー、サウナ、ホテル
・デザインディストリクトの歩き方
・ヘルシンキの3大マーケットへ行こう！
・ヘルシンキおすすめ海辺散歩コース

【2 フィンランドの田舎町へ】
・フィスカルス
・マティルデダル
・タンペレ
・ポルヴォー
・アイノラ

【3 ラップランドへ】
・ロヴァニエミ
・ラップランドでオーロラ観測

【4 フィンランドデザイン】
・フィンランドデザインとは
・ラプアン カンクリ／ヨハンナ・グリクセン／モイコ／カレワラ／マリメッコ／イッタラ／アラビア／フィンレイソン／アルテック／アーリッカ／ペンティック
・暮らしに溶け込む素敵なデザイン

Column
・フィンランドの美しい図書館をめぐる
・フィンランドのコーヒー文化
・フィンランドの甘いもの
・フィンランドのごちそう
・フィンランドのアルコール
・フィンランドのサウナ
・フィンランドの幸福度の秘密
・スーパーで買えるフィンランドみやげ
・冬のマストアイテム
・森で過ごす大切な時間
・短い夏を過ごすサマーコテージ
・アアルトの建築散歩
・フィンランドのスイーツレシピ

・フィンランド旅のヒント
・覚えておきたいフィンランド語
・Index
・おわりに","旅行","jpn","176","A5"
"4903267733","9784903267739","フィンランド光の旅","小泉隆 写真・著,坂根シルク フィンランド語訳・監","プチグラパブリッシング","2009-08","16年","3080","","","","","","","","","","芸術総記","jpn","175","A4"
"4093882991","9784093882996","神のデザイン哲学","鈴木エドワ－ド 著","小学館","2013-07-01","12年","1980","","","","","","","","","世界的建築家によるデザイン哲学、人生論 

  著者の鈴木エドワード氏は、ハーバード大学大学院卒業後、バックミンスター・フラー、イサム・ノグチ、丹下健三という 3人の師のもとで学びました。1977年、鈴木エドワード建築設計事務所（ESA）を設立し、建築デザインを生涯の仕事として35年。著者は「人の幸せとは何か、生きる意味は何か…人が暮らす空間設計を通し、繰り返し考える機会に恵まれました。そして物理学は実は人の生き方、在り方そのものにつながる学問であり、追求する真理への異なるアプローチである」ことに気づきました。
 本職の建築設計の他に、物理学、化学、生物学を学んだ著者が名付けた「GOoD DESIGN」とは、エネルギー消費を最小限に抑えつつ最大限の効果を得るデザインを追求することであり、それはすなわち「自然（宇宙）の仕組み」そのものです。耐震性などの建築構造の基本から、エネルギーや原子の仕組みに至るまで、建築家・鈴木エドワード氏が提唱する「GOoD DESIGN」（ゴッド デザイン）、神のデザイン哲学についてまとめ上げた本です。 

 【編集担当からのおすすめ情報】 
 各界をリードする皆さまからいただきました推薦文です。

｢仕事即ち哲学の発見は建築家・鈴木エドワードの「自然探究心」の賜物である｣ - GKデザイングループ会長 栄久庵憲司 -

｢真の知性とは、答えの無い問いを、問い続ける力。鈴木エドワード氏は、その真の知性の持ち主であろう。深い精神性と真摯な探究心に支えられた「知的宇宙への遥かな旅路の記録」とも呼ぶべき本書は、若き日に氏が薫陶を受けたバックミンスター・フラーが辿り着けなかった地平にも、洞察の光を当てている｣ - 思想家・詩人 田坂広志 -

｢この本を読むと、世界がハイビジョンで見るように急に「高解像度」で見えてくる。宇宙を形造っている「デザインの言葉」が少しずつ解読されて、本当の科学やデザイン、人類文明の本番はこれから始まるのだとわかる。この星に『未来はない』と思っている人は、絶対この本を読むべきだ｣ -文化人類学者、Earth Literacy Program代表  竹村真一 -

｢建築家である前に人間として宇宙・生命の意味を問おうとする鈴木エドワードさん。21世紀は自然から学び美しい生き方をしようというすばらしい提案の書です｣ - JT生命誌研究館館長 中村桂子 -

鈴木エドワード連載:小学館Book People http://bp.shogakukan.co.jp/耐震性などの建築構造の基本から、エネルギーや原子の仕組みに至るまで、建築家・鈴木エドワード氏が提唱する「GOoD DESIGN」（ゴッド デザイン）についてまとめ上げた本です。Edward Suzuki Design(カラー写真16page)
Praise for GOoD DESIGN
はじめに 日本と世界の未来のために!
第 1章 デザインとは何か？
第 2章 ｢空飛ぶ家｣、未来の家
第 3章 東京ウッドストックホルム
第 4章 モダニズム VS ポストモダニズム
第 5章 フラｰと｢ワールドゲーム｣
第 6章 水から原子構造を考える
第 7章 数学と黄金比とデザイン
第 8章 シンクロニシティの不思議
第 9章 意識が先か、物質が先か？
第10章 相対性理論をわかりやすく
第11章 ｢愛｣はテンセグリティ宇宙の｢結ぶ力｣
第12章 人間が生まれてくる理由
","日本文学・評論・随筆・その他","jpn","240","B6"
"4306052486","9784306052482","ルイス・カーン建築論集 (SD選書)","ルイス・カ－ン 著,前田忠直 編訳","鹿島出版会","2008-04","17年","2420","","","","","","","","","ルイス・カーンによる崇高な空間のフィロソフィー１０章。カーンの深い建築的思惟の結晶が隠されており、その核心に迫りうる道を見出すことができる。また、ルイス・カーン読解にも使える１冊。","建築","jpn","244","B6"
"4255006962","9784255006963","美しい光でつくる暮らしの照明","石井幹子 著","朝日出版社","2013-01","13年","2420","","","","","799","1","","","家庭のインテリア照明の基本から和のあかりの見直しまで。世界で活躍する照明デザイナーが提案する、ハイセンスな生活を楽しむためのあかりのエッセンス。未来の照明のあり方を考える助けとなる１冊。","日本文学・評論・随筆・その他","jpn","142","A5"
"4767824591","9784767824598","フランク・ロイド・ライト最新建築ガイド","フランク ロイド ライト建築物保存協会 編著,ジョエル・ホグランド 編著,斎藤栄一郎 訳","エクスナレッジ","2018-04-06","7年","1980","","","","","","","","","現存するライト建築75作品をめぐる最新ガイド。新たに公開された個人邸なども掲載！1991年に刊?した旧版から掲載作品を25作品追加。タリアセン・ウェストやグッゲンハイム美術館などのアメリカにある有名建築をはじめ、帝国ホテルや明日館など日本にある建築を含めた75件を各1?2頁で紹介。ライト建築を気軽に概括的に知ることができます！住所・?学ツアー情報も紹介。この春、ライト建築を巡る旅に出よう！","建築","","166","A5"
"476613995X","9784766139952","フランク・ロイド・ライトに学ぶ50の建築レッスン","アーロン・ベツキー 著,ギディオン・フィンク・シャピロ 著,井原恵子 訳","グラフィック社","2025-01-08","1年1ヶ月","3190","3190","3","","","","","","","巨匠フランク・ロイド・ライトの設計の思考と発想を、ライトが手がけた住宅やインテリアから読み解き、50のレッスンとして紹介。
ライトの珠玉の言葉も掲載し、圧倒的な存在感を放ち続ける人物像とその仕事も浮き彫りにします。７ジャンル50レッスンからライトの思考と発想を解説はじめに／影響と発想源／土地とランドスケープ／デザインと社会／空間と体験／コンポジションとムーブメント／建築と身体／抽象と宇宙／おわりに","写真・工芸","jpn","248","A5変"
